<?xml version="1.0"?>
<gtt:gtt xmlns:gtt="file:/usr/share/gnotime/gtt.dtd" version="1.0.1">
  <gtt:project-list>
    <gtt:project>
      <title>"Sun24Y"</title>
      <guid>1875eb1c05edb16ed9396ee68f2ab2e2</guid>
      <desc>Debian Linux desktop-theme development</desc>
      <id>1</id>
      <billrate>10</billrate>
      <overtime_rate>15</overtime_rate>
      <overover_rate>20</overover_rate>
      <flat_fee>1000</flat_fee>
      <min_interval>3</min_interval>
      <auto_merge_interval>60</auto_merge_interval>
      <auto_merge_gap>60</auto_merge_gap>
      <estimated_start>-1</estimated_start>
      <estimated_end>-1</estimated_end>
      <due_date>-1</due_date>
      <sizing>0</sizing>
      <percent_complete>0</percent_complete>
      <urgency>UNDEFINED</urgency>
      <importance>UNDEFINED</importance>
      <status>NOT_STARTED</status>
    </gtt:project>
  </gtt:project-list>
</gtt:gtt>
