<?xml version="1.0"?>
<gconf>
	<entry name="nebulae" mtime="1465710235" type="bool" value="true"/>
	<entry name="cometTails" mtime="1465710235" type="bool" value="true"/>
	<entry name="autoMag" mtime="1465710235" type="bool" value="true"/>
	<entry name="ringShadows" mtime="1465710235" type="bool" value="true"/>
	<entry name="eclipseShadows" mtime="1465710235" type="bool" value="true"/>
	<entry name="smoothLines" mtime="1465710235" type="bool" value="true"/>
	<entry name="atmospheres" mtime="1465710235" type="bool" value="true"/>
	<entry name="nightMaps" mtime="1465710235" type="bool" value="true"/>
	<entry name="cloudMaps" mtime="1465710235" type="bool" value="true"/>
	<entry name="galaxies" mtime="1465710235" type="bool" value="true"/>
	<entry name="planets" mtime="1465710235" type="bool" value="true"/>
	<entry name="stars" mtime="1465710235" type="bool" value="true"/>
</gconf>
