<?xml version="1.0"?>
<gconf>
	<entry name="orbits" mtime="1463585576" type="bool" value="true"/>
	<entry name="gridGalactic" mtime="1463585493" type="bool" value="true"/>
	<entry name="openClusters" mtime="1463585482" type="bool" value="true"/>
	<entry name="globulars" mtime="1463585478" type="bool" value="true"/>
	<entry name="diagrams" mtime="1463585466" type="bool" value="true"/>
	<entry name="boundaries" mtime="1463585462" type="bool" value="true"/>
	<entry name="nebulae" mtime="1463585415" type="bool" value="true"/>
	<entry name="cometTails" mtime="1463585415" type="bool" value="true"/>
	<entry name="autoMag" mtime="1463585415" type="bool" value="true"/>
	<entry name="ringShadows" mtime="1463585415" type="bool" value="true"/>
	<entry name="eclipseShadows" mtime="1463585415" type="bool" value="true"/>
	<entry name="smoothLines" mtime="1463585415" type="bool" value="true"/>
	<entry name="atmospheres" mtime="1463585415" type="bool" value="true"/>
	<entry name="nightMaps" mtime="1463585415" type="bool" value="true"/>
	<entry name="cloudMaps" mtime="1463585415" type="bool" value="true"/>
	<entry name="galaxies" mtime="1463585415" type="bool" value="true"/>
	<entry name="planets" mtime="1463585415" type="bool" value="true"/>
	<entry name="stars" mtime="1463585415" type="bool" value="true"/>
</gconf>
