<?xml version="1.0" encoding="UTF-8"?>
<actions>
	<action>
		<name>Bild</name>
		<regex>(http|ftp).+\.(jpg|png|gif)</regex>
		<group>0</group>
		<commands>
			<command>
				<name>Mit GIMP bearbeiten</name>
				<exec>gimp-remote &quot;\0&quot;</exec>
			</command>
			<command>
				<name>Mit Ristretto betrachten</name>
				<exec>ristretto &quot;\0&quot;</exec>
			</command>
		</commands>
	</action>
	<action>
		<name>Fehler</name>
		<regex>bug\s*#?\s*([0-9]+)</regex>
		<group>0</group>
		<commands>
			<command>
				<name>Fehler bei Xfce</name>
				<exec>exo-open http://bugzilla.xfce.org/show_bug.cgi?id=\1</exec>
			</command>
			<command>
				<name>Fehler bei Gnome</name>
				<exec>exo-open http://bugzilla.gnome.org/show_bug.cgi?id=\1</exec>
			</command>
		</commands>
	</action>
	<action>
		<name>Lange Webadresse</name>
		<regex>http://[^\s]{120,}</regex>
		<group>0</group>
		<commands>
			<command>
				<name>Webadresse kürzen</name>
				<exec>exo-open http://tinyurl.com/create.php?url=\0</exec>
			</command>
		</commands>
	</action>
</actions>