<bpy>
  <Theme>
    <user_interface>
      <ThemeUserInterface menu_shadow_fac="0.676"
                          menu_shadow_width="12"
                          icon_file=""
                          icon_alpha="1"
                          widget_emboss="#bdd9ff05"
                          axis_x="#dc0000"
                          axis_y="#00dc00"
                          axis_z="#0000dc">
        <wcol_regular>
          <ThemeWidgetColors outline="#204060"
                             inner="#38722aff"
                             inner_sel="#5bb846ff"
                             item="#3b77a3ff"
                             text="#ffcc00"
                             text_sel="#ffffff"
                             show_shaded="FALSE"
                             shadetop="0"
                             shadedown="0">
          </ThemeWidgetColors>
        </wcol_regular>
        <wcol_tool>
          <ThemeWidgetColors outline="#051422"
                             inner="#3e5b8bff"
                             inner_sel="#5d8cd6ff"
                             item="#191919ff"
                             text="#cfcfcf"
                             text_sel="#ffffff"
                             show_shaded="TRUE"
                             shadetop="15"
                             shadedown="-15">
          </ThemeWidgetColors>
        </wcol_tool>
        <wcol_radio>
          <ThemeWidgetColors outline="#071624"
                             inner="#324d74ff"
                             inner_sel="#5681c3ff"
                             item="#ffffffff"
                             text="#ffffff"
                             text_sel="#000000"
                             show_shaded="TRUE"
                             shadetop="15"
                             shadedown="-15">
          </ThemeWidgetColors>
        </wcol_radio>
        <wcol_text>
          <ThemeWidgetColors outline="#091826"
                             inner="#2e4970ff"
                             inner_sel="#83a7c3ff"
                             item="#304b72ff"
                             text="#cecece"
                             text_sel="#ffffff"
                             show_shaded="TRUE"
                             shadetop="0"
                             shadedown="25">
          </ThemeWidgetColors>
        </wcol_text>
        <wcol_option>
          <ThemeWidgetColors outline="#0b1a28"
                             inner="#5b2222ff"
                             inner_sel="#4b6d3dff"
                             item="#b6ffa3ff"
                             text="#bdbdbd"
                             text_sel="#ffffff"
                             show_shaded="TRUE"
                             shadetop="15"
                             shadedown="-15">
          </ThemeWidgetColors>
        </wcol_option>
        <wcol_toggle>
          <ThemeWidgetColors outline="#0d1c2a"
                             inner="#665483ff"
                             inner_sel="#646464ff"
                             item="#354858ff"
                             text="#000000"
                             text_sel="#ffffff"
                             show_shaded="FALSE"
                             shadetop="0"
                             shadedown="0">
          </ThemeWidgetColors>
        </wcol_toggle>
        <wcol_num>
          <ThemeWidgetColors outline="#11202e"
                             inner="#a5924bff"
                             inner_sel="#6d6d6dff"
                             item="#4b4831ff"
                             text="#ffee8d"
                             text_sel="#ffffff"
                             show_shaded="TRUE"
                             shadetop="-20"
                             shadedown="0">
          </ThemeWidgetColors>
        </wcol_num>
        <wcol_numslider>
          <ThemeWidgetColors outline="#132230"
                             inner="#48577aff"
                             inner_sel="#999999ff"
                             item="#6f85bbff"
                             text="#cccccc"
                             text_sel="#ffffff"
                             show_shaded="TRUE"
                             shadetop="-20"
                             shadedown="0">
          </ThemeWidgetColors>
        </wcol_numslider>
        <wcol_box>
          <ThemeWidgetColors outline="#152432"
                             inner="#28445fff"
                             inner_sel="#304050ff"
                             item="#191919ff"
                             text="#dfdfdf"
                             text_sel="#ffffff"
                             show_shaded="FALSE"
                             shadetop="0"
                             shadedown="0">
          </ThemeWidgetColors>
        </wcol_box>
        <wcol_menu>
          <ThemeWidgetColors outline="#172634"
                             inner="#5f2626ff"
                             inner_sel="#6e2a2aff"
                             item="#ffed52ff"
                             text="#e9de6f"
                             text_sel="#fff7bb"
                             show_shaded="TRUE"
                             shadetop="15"
                             shadedown="-15">
          </ThemeWidgetColors>
        </wcol_menu>
        <wcol_pulldown>
          <ThemeWidgetColors outline="#1b2a38"
                             inner="#366c3bff"
                             inner_sel="#5680c2ff"
                             item="#ffffffff"
                             text="#b3b3b3"
                             text_sel="#ffffff"
                             show_shaded="FALSE"
                             shadetop="25"
                             shadedown="-20">
          </ThemeWidgetColors>
        </wcol_pulldown>
        <wcol_menu_back>
          <ThemeWidgetColors outline="#1d2c3a"
                             inner="#2c4258e6"
                             inner_sel="#333333e6"
                             item="#6080a0ff"
                             text="#dfdfdf"
                             text_sel="#ffffff"
                             show_shaded="FALSE"
                             shadetop="25"
                             shadedown="-20">
          </ThemeWidgetColors>
        </wcol_menu_back>
        <wcol_pie_menu>
          <ThemeWidgetColors outline="#192836"
                             inner="#191919e6"
                             inner_sel="#8c8c8cff"
                             item="#2d2d2de6"
                             text="#a0a0a0"
                             text_sel="#ffffff"
                             show_shaded="TRUE"
                             shadetop="10"
                             shadedown="-10">
          </ThemeWidgetColors>
        </wcol_pie_menu>
        <wcol_tooltip>
          <ThemeWidgetColors outline="#1b2a38"
                             inner="#191919e6"
                             inner_sel="#2d2d2de6"
                             item="#386e3dff"
                             text="#ffffff"
                             text_sel="#ffffff"
                             show_shaded="FALSE"
                             shadetop="25"
                             shadedown="-20">
          </ThemeWidgetColors>
        </wcol_tooltip>
        <wcol_menu_item>
          <ThemeWidgetColors outline="#808030"
                             inner="#e4e4e400"
                             inner_sel="#5680c2ff"
                             item="#acacac80"
                             text="#d6d64e"
                             text_sel="#e6ec89"
                             show_shaded="TRUE"
                             shadetop="38"
                             shadedown="0">
          </ThemeWidgetColors>
        </wcol_menu_item>
        <wcol_scroll>
          <ThemeWidgetColors outline="#1b2932"
                             inner="#505050b4"
                             inner_sel="#646464b4"
                             item="#3a703fff"
                             text="#ffffff"
                             text_sel="#ffffff"
                             show_shaded="TRUE"
                             shadetop="5"
                             shadedown="-5">
          </ThemeWidgetColors>
        </wcol_scroll>
        <wcol_progress>
          <ThemeWidgetColors outline="#000000"
                             inner="#234226ff"
                             inner_sel="#498f50b4"
                             item="#3c7241ff"
                             text="#aaecab"
                             text_sel="#e1ffde"
                             show_shaded="FALSE"
                             shadetop="0"
                             shadedown="0">
          </ThemeWidgetColors>
        </wcol_progress>
        <wcol_list_item>
          <ThemeWidgetColors outline="#000000"
                             inner="#3d4c6400"
                             inner_sel="#7492c0ff"
                             item="#28521eff"
                             text="#a0b0c0"
                             text_sel="#000000"
                             show_shaded="FALSE"
                             shadetop="0"
                             shadedown="0">
          </ThemeWidgetColors>
        </wcol_list_item>
        <wcol_state>
          <ThemeWidgetStateColors inner_anim="#73be4c"
                                  inner_anim_sel="#5aa633"
                                  inner_key="#f0eb64"
                                  inner_key_sel="#d7d34b"
                                  inner_driven="#b400ff"
                                  inner_driven_sel="#9900e6"
                                  blend="0.5">
          </ThemeWidgetStateColors>
        </wcol_state>
      </ThemeUserInterface>
    </user_interface>
    <view_3d>
      <ThemeView3D grid="#8a823e"
                   wire="#000000"
                   wire_edit="#000000"
                   gp_vertex="#000000"
                   gp_vertex_select="#ff8500"
                   gp_vertex_size="3"
                   lamp="#00000028"
                   speaker="#000000"
                   camera="#000000"
                   view_overlay="#000000"
                   empty="#000000"
                   object_selected="#f15800"
                   object_active="#ffaa40"
                   object_grouped="#083008"
                   object_grouped_active="#55bb55"
                   transform="#ffffff"
                   vertex="#000000"
                   vertex_select="#ff8500"
                   vertex_size="3"
                   vertex_unreferenced="#000000"
                   edge_select="#ffa000"
                   edge_seam="#db2512"
                   edge_sharp="#00ffff"
                   edge_crease="#cc0099"
                   edge_facesel="#4b4b4b"
                   freestyle_edge_mark="#7fff7f"
                   face="#00000012"
                   face_select="#ff85003c"
                   face_dot="#ff8500"
                   facedot_size="4"
                   freestyle_face_mark="#7fff7f33"
                   nurb_uline="#909000"
                   nurb_vline="#803060"
                   nurb_sel_uline="#f0ff40"
                   nurb_sel_vline="#f090a0"
                   act_spline="#db2512"
                   handle_free="#000000"
                   handle_auto="#909000"
                   handle_vect="#409030"
                   handle_sel_vect="#40c030"
                   handle_align="#803060"
                   handle_sel_free="#000000"
                   handle_sel_auto="#f0ff40"
                   handle_sel_align="#f090a0"
                   lastsel_point="#ffffff"
                   extra_edge_len="#200000"
                   extra_edge_angle="#000000"
                   extra_face_angle="#000080"
                   extra_face_area="#002000"
                   editmesh_active="#ffffff80"
                   normal="#22dddd"
                   vertex_normal="#2361dd"
                   split_normal="#dd23dd"
                   bone_solid="#c8c8c8"
                   bone_pose="#50c8ff"
                   bone_pose_active="#8cffff"
                   frame_current="#60c040"
                   outline_width="1"
                   bundle_solid="#c8c8c8"
                   camera_path="#000000"
                   skin_root="#b44d4d"
                   clipping_border_3d="#313131ff"
                   paint_curve_handle="#7fff7f7f"
                   paint_curve_pivot="#ff7f7f7f">
        <space>
          <ThemeSpaceGradient title="#b4b4b4"
                              text="#929047"
                              text_hi="#ffffff"
                              header="#5f2626"
                              header_text="#bbbbbb"
                              header_text_hi="#ffffff"
                              button="#28405880"
                              button_title="#ffe560"
                              button_text="#c3b049"
                              button_text_hi="#ffffff"
                              tab_active="#375b7e"
                              tab_inactive="#284058"
                              tab_back="#1d2f3fff"
                              tab_outline="#122129">
            <gradients>
              <ThemeGradientColors show_grad="TRUE"
                                   gradient="#1b2d3d"
                                   high_gradient="#435469">
              </ThemeGradientColors>
            </gradients>
            <panelcolors>
              <ThemePanelColors header="#74b9ff19"
                                back="#28405880"
                                show_header="TRUE"
                                show_back="TRUE">
              </ThemePanelColors>
            </panelcolors>
          </ThemeSpaceGradient>
        </space>
      </ThemeView3D>
    </view_3d>
    <graph_editor>
      <ThemeGraphEditor grid="#5e5e5e"
                        frame_current="#60c040"
                        window_sliders="#969696"
                        channels_region="#375572"
                        dopesheet_channel="#52606e"
                        dopesheet_subchannel="#7c8996"
                        channel_group="#4f6549"
                        active_channels_group="#87b17d"
                        vertex="#000000"
                        vertex_select="#ff8500"
                        vertex_size="6"
                        vertex_unreferenced="#000000"
                        handle_free="#000000"
                        handle_auto="#909000"
                        handle_vect="#409030"
                        handle_sel_vect="#40c030"
                        handle_align="#803060"
                        handle_sel_free="#000000"
                        handle_sel_auto="#f0ff40"
                        handle_sel_align="#f090a0"
                        handle_auto_clamped="#994030"
                        handle_sel_auto_clamped="#f0af90"
                        lastsel_point="#ffffff"
                        handle_vertex="#000000"
                        handle_vertex_select="#ff8500"
                        handle_vertex_size="5">
        <space>
          <ThemeSpaceGeneric back="#2a4055"
                             title="#000000"
                             text="#000000"
                             text_hi="#ffffff"
                             header="#5d2424"
                             header_text="#000000"
                             header_text_hi="#ffffff"
                             button="#2a4055ff"
                             button_title="#000000"
                             button_text="#000000"
                             button_text_hi="#ffffff"
                             tab_active="#666666"
                             tab_inactive="#505050"
                             tab_back="#404040ff"
                             tab_outline="#3c3c3c">
            <panelcolors>
              <ThemePanelColors header="#00000019"
                                back="#72727280"
                                show_header="FALSE"
                                show_back="FALSE">
              </ThemePanelColors>
            </panelcolors>
          </ThemeSpaceGeneric>
        </space>
        <space_list>
          <ThemeSpaceListGeneric list="#283e53"
                                 list_title="#000000"
                                 list_text="#000000"
                                 list_text_hi="#ffffff">
          </ThemeSpaceListGeneric>
        </space_list>
      </ThemeGraphEditor>
    </graph_editor>
    <file_browser>
      <ThemeFileBrowser selected_file="#ff8c19"
                        scrollbar="#a0a0a0"
                        scroll_handle="#7f7070"
                        active_file="#828282"
                        active_file_text="#fafafa">
        <space>
          <ThemeSpaceGeneric back="#2a4055"
                             title="#000000"
                             text="#fafafa"
                             text_hi="#0f0f0f"
                             header="#5f2626"
                             header_text="#000000"
                             header_text_hi="#ffffff"
                             button="#727272ff"
                             button_title="#000000"
                             button_text="#000000"
                             button_text_hi="#ffffff"
                             tab_active="#727272"
                             tab_inactive="#535353"
                             tab_back="#404040ff"
                             tab_outline="#3c3c3c">
            <panelcolors>
              <ThemePanelColors header="#00000019"
                                back="#72727280"
                                show_header="FALSE"
                                show_back="FALSE">
              </ThemePanelColors>
            </panelcolors>
          </ThemeSpaceGeneric>
        </space>
        <space_list>
          <ThemeSpaceListGeneric list="#666666"
                                 list_title="#000000"
                                 list_text="#000000"
                                 list_text_hi="#ffffff">
          </ThemeSpaceListGeneric>
        </space_list>
      </ThemeFileBrowser>
    </file_browser>
    <nla_editor>
      <ThemeNLAEditor grid="#5e5e5e"
                      view_sliders="#969696"
                      active_action="#cc701a66"
                      active_action_unset="#9987614d"
                      strips="#0c0a0a"
                      strips_selected="#ff8c00"
                      transition_strips="#1c2630"
                      transition_strips_selected="#2e75db"
                      meta_strips="#332642"
                      meta_strips_selected="#692196"
                      sound_strips="#2b3d3d"
                      sound_strips_selected="#1f7a7a"
                      tweak="#4df31a"
                      tweak_duplicate="#d90000"
                      keyframe_border="#000000ff"
                      keyframe_border_selected="#000000ff"
                      frame_current="#60c040">
        <space>
          <ThemeSpaceGeneric back="#2a4055"
                             title="#000000"
                             text="#000000"
                             text_hi="#ffffff"
                             header="#5f2626"
                             header_text="#000000"
                             header_text_hi="#ffffff"
                             button="#727272ff"
                             button_title="#000000"
                             button_text="#000000"
                             button_text_hi="#ffffff"
                             tab_active="#727272"
                             tab_inactive="#535353"
                             tab_back="#404040ff"
                             tab_outline="#3c3c3c">
            <panelcolors>
              <ThemePanelColors header="#00000019"
                                back="#72727280"
                                show_header="FALSE"
                                show_back="FALSE">
              </ThemePanelColors>
            </panelcolors>
          </ThemeSpaceGeneric>
        </space>
        <space_list>
          <ThemeSpaceListGeneric list="#283e53"
                                 list_title="#000000"
                                 list_text="#000000"
                                 list_text_hi="#ffffff">
          </ThemeSpaceListGeneric>
        </space_list>
      </ThemeNLAEditor>
    </nla_editor>
    <dopesheet_editor>
      <ThemeDopeSheet grid="#5e5e5e"
                      frame_current="#60c040"
                      value_sliders="#000000"
                      view_sliders="#969696"
                      dopesheet_channel="#52606e"
                      dopesheet_subchannel="#7c8996"
                      channels="#707070"
                      channels_selected="#60c040"
                      channel_group="#4f6549"
                      active_channels_group="#87b17d"
                      long_key="#0c0a0a"
                      long_key_selected="#ff8c00"
                      keyframe="#e8e8e8"
                      keyframe_selected="#ffbe32"
                      keyframe_extreme="#e8b3cc"
                      keyframe_extreme_selected="#f28080"
                      keyframe_breakdown="#b3dbe8"
                      keyframe_breakdown_selected="#54bfed"
                      keyframe_jitter="#94e575"
                      keyframe_jitter_selected="#61c042"
                      keyframe_border="#000000ff"
                      keyframe_border_selected="#000000ff"
                      summary="#cc701a66">
        <space>
          <ThemeSpaceGeneric back="#2a4055"
                             title="#000000"
                             text="#000000"
                             text_hi="#ffffff"
                             header="#5f2626"
                             header_text="#000000"
                             header_text_hi="#ffffff"
                             button="#727272ff"
                             button_title="#000000"
                             button_text="#000000"
                             button_text_hi="#ffffff"
                             tab_active="#727272"
                             tab_inactive="#535353"
                             tab_back="#404040ff"
                             tab_outline="#3c3c3c">
            <panelcolors>
              <ThemePanelColors header="#00000019"
                                back="#72727280"
                                show_header="FALSE"
                                show_back="FALSE">
              </ThemePanelColors>
            </panelcolors>
          </ThemeSpaceGeneric>
        </space>
        <space_list>
          <ThemeSpaceListGeneric list="#283e53"
                                 list_title="#000000"
                                 list_text="#000000"
                                 list_text_hi="#ffffff">
          </ThemeSpaceListGeneric>
        </space_list>
      </ThemeDopeSheet>
    </dopesheet_editor>
    <image_editor>
      <ThemeImageEditor gp_vertex="#000000"
                        gp_vertex_select="#ff8500"
                        gp_vertex_size="3"
                        vertex="#000000"
                        vertex_select="#ff8500"
                        vertex_size="3"
                        vertex_unreferenced="#000000"
                        face="#ffffff0a"
                        face_select="#ff85003c"
                        face_dot="#ff8500"
                        facedot_size="3"
                        freestyle_face_mark="#00000000"
                        editmesh_active="#ffffff80"
                        wire_edit="#c0c0c0"
                        edge_select="#ff8500"
                        scope_back="#727272ff"
                        preview_stitch_face="#7f7f0033"
                        preview_stitch_edge="#ff00ff33"
                        preview_stitch_vert="#0000ff33"
                        preview_stitch_stitchable="#00ff00ff"
                        preview_stitch_unstitchable="#ff0000ff"
                        preview_stitch_active="#00000000"
                        uv_shadow="#707070ff"
                        uv_others="#606060ff"
                        frame_current="#60c040"
                        metadatabg="#000000"
                        metadatatext="#ffffff"
                        handle_free="#000000"
                        handle_auto="#909000"
                        handle_align="#803060"
                        handle_sel_free="#000000"
                        handle_sel_auto="#f0ff40"
                        handle_sel_align="#f090a0"
                        handle_auto_clamped="#000000"
                        handle_sel_auto_clamped="#000000"
                        handle_vertex="#000000"
                        handle_vertex_select="#ffff00"
                        handle_vertex_size="5"
                        paint_curve_handle="#7fff7f7f"
                        paint_curve_pivot="#ff7f7f7f">
        <space>
          <ThemeSpaceGeneric back="#2a4055"
                             title="#000000"
                             text="#000000"
                             text_hi="#ffffff"
                             header="#5f2626"
                             header_text="#000000"
                             header_text_hi="#ffffff"
                             button="#2a405580"
                             button_title="#000000"
                             button_text="#000000"
                             button_text_hi="#ffffff"
                             tab_active="#727272"
                             tab_inactive="#535353"
                             tab_back="#404040ff"
                             tab_outline="#3c3c3c">
            <panelcolors>
              <ThemePanelColors header="#00000019"
                                back="#72727280"
                                show_header="FALSE"
                                show_back="FALSE">
              </ThemePanelColors>
            </panelcolors>
          </ThemeSpaceGeneric>
        </space>
      </ThemeImageEditor>
    </image_editor>
    <sequence_editor>
      <ThemeSequenceEditor gp_vertex="#000000"
                           gp_vertex_select="#ff8500"
                           gp_vertex_size="3"
                           grid="#2d445a"
                           window_sliders="#a0a0a0"
                           movie_strip="#516987"
                           movieclip_strip="#20208f"
                           image_strip="#6d5881"
                           scene_strip="#4e983e"
                           audio_strip="#2e8f8f"
                           effect_strip="#a9547c"
                           transition_strip="#a25f6f"
                           meta_strip="#6d9183"
                           frame_current="#60c040"
                           keyframe="#ff8500"
                           draw_action="#50c8ff"
                           preview_back="#000000"
                           metadatabg="#000000"
                           metadatatext="#ffffff">
        <space>
          <ThemeSpaceGeneric back="#2a4055"
                             title="#000000"
                             text="#c7c7c7"
                             text_hi="#ffffff"
                             header="#5f2626"
                             header_text="#000000"
                             header_text_hi="#ffffff"
                             button="#2a405580"
                             button_title="#000000"
                             button_text="#000000"
                             button_text_hi="#ffffff"
                             tab_active="#727272"
                             tab_inactive="#535353"
                             tab_back="#404040ff"
                             tab_outline="#3c3c3c">
            <panelcolors>
              <ThemePanelColors header="#00000019"
                                back="#72727280"
                                show_header="FALSE"
                                show_back="FALSE">
              </ThemePanelColors>
            </panelcolors>
          </ThemeSpaceGeneric>
        </space>
      </ThemeSequenceEditor>
    </sequence_editor>
    <properties>
      <ThemeProperties>
        <space>
          <ThemeSpaceGeneric back="#2a4055"
                             title="#d1a700"
                             text="#a3a3a3"
                             text_hi="#ffffff"
                             header="#5f2626"
                             header_text="#dadada"
                             header_text_hi="#ffffff"
                             button="#727272ff"
                             button_title="#000000"
                             button_text="#000000"
                             button_text_hi="#ffffff"
                             tab_active="#727272"
                             tab_inactive="#535353"
                             tab_back="#404040ff"
                             tab_outline="#3c3c3c">
            <panelcolors>
              <ThemePanelColors header="#00000019"
                                back="#263c5180"
                                show_header="TRUE"
                                show_back="TRUE">
              </ThemePanelColors>
            </panelcolors>
          </ThemeSpaceGeneric>
        </space>
      </ThemeProperties>
    </properties>
    <text_editor>
      <ThemeTextEditor line_numbers_background="#404040"
                       selected_text="#c67777"
                       cursor="#ff0000"
                       syntax_builtin="#800050"
                       syntax_symbols="#4c4c4c"
                       syntax_special="#5f5f00"
                       syntax_preprocessor="#32008c"
                       syntax_reserved="#8c3c00"
                       syntax_comment="#006432"
                       syntax_string="#640000"
                       syntax_numbers="#0000c8">
        <space>
          <ThemeSpaceGeneric back="#2a4055"
                             title="#ffee72"
                             text="#000000"
                             text_hi="#ffffff"
                             header="#5f2626"
                             header_text="#b8b8b8"
                             header_text_hi="#ffffff"
                             button="#2a4055ff"
                             button_title="#000000"
                             button_text="#000000"
                             button_text_hi="#ffffff"
                             tab_active="#727272"
                             tab_inactive="#535353"
                             tab_back="#404040ff"
                             tab_outline="#3c3c3c">
            <panelcolors>
              <ThemePanelColors header="#00000019"
                                back="#72727280"
                                show_header="FALSE"
                                show_back="FALSE">
              </ThemePanelColors>
            </panelcolors>
          </ThemeSpaceGeneric>
        </space>
      </ThemeTextEditor>
    </text_editor>
    <timeline>
      <ThemeTimeline grid="#642e58"
                     frame_current="#66cf38"
                     time_keyframe="#ddd700"
                     time_grease_pencil="#b5e61d">
        <space>
          <ThemeSpaceGeneric back="#492340"
                             title="#b4b4b4"
                             text="#bebebe"
                             text_hi="#ffffff"
                             header="#5f2626"
                             header_text="#000000"
                             header_text_hi="#ffffff"
                             button="#431d3aff"
                             button_title="#000000"
                             button_text="#cacaca"
                             button_text_hi="#ffffff"
                             tab_active="#5a274d"
                             tab_inactive="#3a2842"
                             tab_back="#451f3cff"
                             tab_outline="#291223">
            <panelcolors>
              <ThemePanelColors header="#00000019"
                                back="#2a405580"
                                show_header="FALSE"
                                show_back="FALSE">
              </ThemePanelColors>
            </panelcolors>
          </ThemeSpaceGeneric>
        </space>
      </ThemeTimeline>
    </timeline>
    <node_editor>
      <ThemeNodeEditor gp_vertex="#000000"
                       gp_vertex_select="#ff8500"
                       gp_vertex_size="3"
                       node_selected="#f15800"
                       node_active="#ffaa40"
                       wire="#000000"
                       wire_inner="#737373"
                       wire_select="#ffffff"
                       selected_text="#7f7070"
                       node_backdrop="#9b9b9ba0"
                       converter_node="#686a75"
                       color_node="#6c696f"
                       group_node="#69756e"
                       group_socket_node="#dfca35"
                       frame_node="#9b9b9ba0"
                       matte_node="#977474"
                       distor_node="#749797"
                       noodle_curving="5"
                       input_node="#646464"
                       output_node="#646464"
                       filter_node="#6c696f"
                       vector_node="#6c696f"
                       texture_node="#6c696f"
                       shader_node="#6c696f"
                       script_node="#6c696f"
                       pattern_node="#6c696f"
                       layout_node="#6c696f">
        <space>
          <ThemeSpaceGeneric back="#2a4055"
                             title="#000000"
                             text="#000000"
                             text_hi="#ffffff"
                             header="#5f2626"
                             header_text="#000000"
                             header_text_hi="#ffffff"
                             button="#2a405580"
                             button_title="#000000"
                             button_text="#000000"
                             button_text_hi="#ffffff"
                             tab_active="#727272"
                             tab_inactive="#535353"
                             tab_back="#404040ff"
                             tab_outline="#3c3c3c">
            <panelcolors>
              <ThemePanelColors header="#00000019"
                                back="#72727280"
                                show_header="FALSE"
                                show_back="FALSE">
              </ThemePanelColors>
            </panelcolors>
          </ThemeSpaceGeneric>
        </space>
        <space_list>
          <ThemeSpaceListGeneric list="#5f2626"
                                 list_title="#000000"
                                 list_text="#000000"
                                 list_text_hi="#ffffff">
          </ThemeSpaceListGeneric>
        </space_list>
      </ThemeNodeEditor>
    </node_editor>
    <logic_editor>
      <ThemeLogicEditor>
        <space>
          <ThemeSpaceGeneric back="#2a4055"
                             title="#000000"
                             text="#000000"
                             text_hi="#ffffff"
                             header="#5f2626"
                             header_text="#000000"
                             header_text_hi="#ffffff"
                             button="#283e53ff"
                             button_title="#000000"
                             button_text="#000000"
                             button_text_hi="#ffffff"
                             tab_active="#727272"
                             tab_inactive="#535353"
                             tab_back="#404040ff"
                             tab_outline="#3c3c3c">
            <panelcolors>
              <ThemePanelColors header="#00000019"
                                back="#72727280"
                                show_header="TRUE"
                                show_back="FALSE">
              </ThemePanelColors>
            </panelcolors>
          </ThemeSpaceGeneric>
        </space>
      </ThemeLogicEditor>
    </logic_editor>
    <outliner>
      <ThemeOutliner match="#337f33"
                     selected_highlight="#3c6b44">
        <space>
          <ThemeSpaceGeneric back="#2a4055"
                             title="#000000"
                             text="#73ce84"
                             text_hi="#d1ffd5"
                             header="#5f2626"
                             header_text="#000000"
                             header_text_hi="#ffffff"
                             button="#283e53ff"
                             button_title="#000000"
                             button_text="#000000"
                             button_text_hi="#ffffff"
                             tab_active="#283e53"
                             tab_inactive="#535353"
                             tab_back="#404040ff"
                             tab_outline="#3c3c3c">
            <panelcolors>
              <ThemePanelColors header="#00000019"
                                back="#72727280"
                                show_header="FALSE"
                                show_back="FALSE">
              </ThemePanelColors>
            </panelcolors>
          </ThemeSpaceGeneric>
        </space>
      </ThemeOutliner>
    </outliner>
    <info>
      <ThemeInfo info_selected="#6080ff"
                 info_selected_text="#ffffff"
                 info_error="#dc0000"
                 info_error_text="#000000"
                 info_warning="#dc8060"
                 info_warning_text="#000000"
                 info_info="#00aa00"
                 info_info_text="#000000"
                 info_debug="#c4c4c4"
                 info_debug_text="#000000">
        <space>
          <ThemeSpaceGeneric back="#2a4055"
                             title="#e2e588"
                             text="#e4e78a"
                             text_hi="#fff2af"
                             header="#5f2626"
                             header_text="#e2e588"
                             header_text_hi="#ffffff"
                             button="#727272ff"
                             button_title="#000000"
                             button_text="#000000"
                             button_text_hi="#ffffff"
                             tab_active="#727272"
                             tab_inactive="#535353"
                             tab_back="#404040ff"
                             tab_outline="#3c3c3c">
            <panelcolors>
              <ThemePanelColors header="#00000019"
                                back="#72727280"
                                show_header="FALSE"
                                show_back="FALSE">
              </ThemePanelColors>
            </panelcolors>
          </ThemeSpaceGeneric>
        </space>
      </ThemeInfo>
    </info>
    <user_preferences>
      <ThemeUserPreferences>
        <space>
          <ThemeSpaceGeneric back="#2a4055"
                             title="#000000"
                             text="#bebebe"
                             text_hi="#ffffff"
                             header="#5f2626"
                             header_text="#000000"
                             header_text_hi="#ffffff"
                             button="#727272ff"
                             button_title="#000000"
                             button_text="#000000"
                             button_text_hi="#ffffff"
                             tab_active="#727272"
                             tab_inactive="#532222"
                             tab_back="#404040ff"
                             tab_outline="#3c3c3c">
            <panelcolors>
              <ThemePanelColors header="#00000019"
                                back="#72727280"
                                show_header="FALSE"
                                show_back="FALSE">
              </ThemePanelColors>
            </panelcolors>
          </ThemeSpaceGeneric>
        </space>
      </ThemeUserPreferences>
    </user_preferences>
    <console>
      <ThemeConsole line_output="#6080ff"
                    line_input="#ffffff"
                    line_info="#00aa00"
                    line_error="#dc6060"
                    cursor="#dc6060"
                    select="#ffffff30">
        <space>
          <ThemeSpaceGeneric back="#1b2936"
                             title="#000000"
                             text="#e4e78a"
                             text_hi="#ffffff"
                             header="#5f2626"
                             header_text="#000000"
                             header_text_hi="#ffffff"
                             button="#727272ff"
                             button_title="#000000"
                             button_text="#000000"
                             button_text_hi="#ffffff"
                             tab_active="#727272"
                             tab_inactive="#535353"
                             tab_back="#404040ff"
                             tab_outline="#3c3c3c">
            <panelcolors>
              <ThemePanelColors header="#00000019"
                                back="#72727280"
                                show_header="FALSE"
                                show_back="FALSE">
              </ThemePanelColors>
            </panelcolors>
          </ThemeSpaceGeneric>
        </space>
      </ThemeConsole>
    </console>
    <clip_editor>
      <ThemeClipEditor gp_vertex="#000000"
                       gp_vertex_select="#000000"
                       gp_vertex_size="1"
                       marker_outline="#000000"
                       marker="#7f7f00"
                       active_marker="#ffffff"
                       selected_marker="#ffff00"
                       disabled_marker="#7f0000"
                       locked_marker="#7f7f7f"
                       path_before="#ff0000"
                       path_after="#0000ff"
                       frame_current="#60c040"
                       strips="#0c0a0a"
                       strips_selected="#ff8c00"
                       handle_free="#000000"
                       handle_auto="#909000"
                       handle_align="#803060"
                       handle_sel_free="#000000"
                       handle_sel_auto="#f0ff40"
                       handle_sel_align="#f090a0"
                       handle_auto_clamped="#000000"
                       handle_sel_auto_clamped="#000000"
                       handle_vertex="#000000"
                       handle_vertex_select="#ffff00"
                       handle_vertex_size="5">
        <space>
          <ThemeSpaceGeneric back="#2a4055"
                             title="#000000"
                             text="#000000"
                             text_hi="#ffffff"
                             header="#5f2626"
                             header_text="#000000"
                             header_text_hi="#ffffff"
                             button="#283e5380"
                             button_title="#000000"
                             button_text="#000000"
                             button_text_hi="#ffffff"
                             tab_active="#727272"
                             tab_inactive="#535353"
                             tab_back="#404040ff"
                             tab_outline="#3c3c3c">
            <panelcolors>
              <ThemePanelColors header="#00000019"
                                back="#72727280"
                                show_header="FALSE"
                                show_back="FALSE">
              </ThemePanelColors>
            </panelcolors>
          </ThemeSpaceGeneric>
        </space>
        <space_list>
          <ThemeSpaceListGeneric list="#666666"
                                 list_title="#000000"
                                 list_text="#000000"
                                 list_text_hi="#ffffff">
          </ThemeSpaceListGeneric>
        </space_list>
      </ThemeClipEditor>
    </clip_editor>
    <bone_color_sets>
      <ThemeBoneColorSet normal="#9a0000"
                         select="#bd1111"
                         active="#f70a0a"
                         show_colored_constraints="FALSE">
      </ThemeBoneColorSet>
      <ThemeBoneColorSet normal="#f74018"
                         select="#f66913"
                         active="#fa9900"
                         show_colored_constraints="FALSE">
      </ThemeBoneColorSet>
      <ThemeBoneColorSet normal="#1e9109"
                         select="#59b70b"
                         active="#83ef1d"
                         show_colored_constraints="FALSE">
      </ThemeBoneColorSet>
      <ThemeBoneColorSet normal="#0a3694"
                         select="#3667df"
                         active="#5ec1ef"
                         show_colored_constraints="FALSE">
      </ThemeBoneColorSet>
      <ThemeBoneColorSet normal="#a9294e"
                         select="#c1416a"
                         active="#f05d91"
                         show_colored_constraints="FALSE">
      </ThemeBoneColorSet>
      <ThemeBoneColorSet normal="#430c78"
                         select="#543aa3"
                         active="#8764d5"
                         show_colored_constraints="FALSE">
      </ThemeBoneColorSet>
      <ThemeBoneColorSet normal="#24785a"
                         select="#3c9579"
                         active="#6fb6ab"
                         show_colored_constraints="FALSE">
      </ThemeBoneColorSet>
      <ThemeBoneColorSet normal="#4b707c"
                         select="#6a8691"
                         active="#9bc2cd"
                         show_colored_constraints="FALSE">
      </ThemeBoneColorSet>
      <ThemeBoneColorSet normal="#f4c90c"
                         select="#eec236"
                         active="#f3ff00"
                         show_colored_constraints="FALSE">
      </ThemeBoneColorSet>
      <ThemeBoneColorSet normal="#1e2024"
                         select="#484c56"
                         active="#ffffff"
                         show_colored_constraints="FALSE">
      </ThemeBoneColorSet>
      <ThemeBoneColorSet normal="#6f2f6a"
                         select="#9845be"
                         active="#d330d6"
                         show_colored_constraints="FALSE">
      </ThemeBoneColorSet>
      <ThemeBoneColorSet normal="#6c8e22"
                         select="#7fb022"
                         active="#bbef5b"
                         show_colored_constraints="FALSE">
      </ThemeBoneColorSet>
      <ThemeBoneColorSet normal="#8d8d8d"
                         select="#b0b0b0"
                         active="#dedede"
                         show_colored_constraints="FALSE">
      </ThemeBoneColorSet>
      <ThemeBoneColorSet normal="#834326"
                         select="#8b5811"
                         active="#bd6a11"
                         show_colored_constraints="FALSE">
      </ThemeBoneColorSet>
      <ThemeBoneColorSet normal="#08310e"
                         select="#1c430b"
                         active="#34622b"
                         show_colored_constraints="FALSE">
      </ThemeBoneColorSet>
      <ThemeBoneColorSet normal="#000000"
                         select="#000000"
                         active="#000000"
                         show_colored_constraints="FALSE">
      </ThemeBoneColorSet>
      <ThemeBoneColorSet normal="#000000"
                         select="#000000"
                         active="#000000"
                         show_colored_constraints="FALSE">
      </ThemeBoneColorSet>
      <ThemeBoneColorSet normal="#000000"
                         select="#000000"
                         active="#000000"
                         show_colored_constraints="FALSE">
      </ThemeBoneColorSet>
      <ThemeBoneColorSet normal="#000000"
                         select="#000000"
                         active="#000000"
                         show_colored_constraints="FALSE">
      </ThemeBoneColorSet>
      <ThemeBoneColorSet normal="#000000"
                         select="#000000"
                         active="#000000"
                         show_colored_constraints="FALSE">
      </ThemeBoneColorSet>
    </bone_color_sets>
  </Theme>
  <ThemeStyle>
    <panel_title>
      <ThemeFontStyle points="12"
                      font_kerning_style="FITTED"
                      shadow="1"
                      shadow_offset_x="0"
                      shadow_offset_y="-1"
                      shadow_alpha="0.15"
                      shadow_value="1">
      </ThemeFontStyle>
    </panel_title>
    <widget_label>
      <ThemeFontStyle points="11"
                      font_kerning_style="FITTED"
                      shadow="3"
                      shadow_offset_x="0"
                      shadow_offset_y="-1"
                      shadow_alpha="0.15"
                      shadow_value="1">
      </ThemeFontStyle>
    </widget_label>
    <widget>
      <ThemeFontStyle points="11"
                      font_kerning_style="FITTED"
                      shadow="0"
                      shadow_offset_x="0"
                      shadow_offset_y="0"
                      shadow_alpha="0.25"
                      shadow_value="0">
      </ThemeFontStyle>
    </widget>
  </ThemeStyle>
</bpy>
