<?xml version="1.0"?>
<gconf>
	<entry name="ExpanderState" mtime="1465682801" type="string">
		<stringvalue>n</stringvalue>
	</entry>
	<entry name="ShowStatus" mtime="1465682801" type="bool" value="false"/>
	<entry name="ShowImportance" mtime="1465682801" type="bool" value="true"/>
	<entry name="ShowUrgency" mtime="1465682801" type="bool" value="true"/>
	<entry name="ShowPercentComplete" mtime="1465682801" type="bool" value="false"/>
	<entry name="ShowSizing" mtime="1465682801" type="bool" value="false"/>
	<entry name="ShowDueDate" mtime="1465682801" type="bool" value="false"/>
	<entry name="ShowEstimatedEnd" mtime="1465682801" type="bool" value="false"/>
	<entry name="ShowEstimatedStart" mtime="1465682801" type="bool" value="false"/>
	<entry name="ShowTask" mtime="1465682801" type="bool" value="true"/>
	<entry name="ShowDesc" mtime="1465682801" type="bool" value="true"/>
	<entry name="ShowTimeEver" mtime="1465682801" type="bool" value="true"/>
	<entry name="ShowTimeYear" mtime="1465682801" type="bool" value="false"/>
	<entry name="ShowTimeMonth" mtime="1465682801" type="bool" value="false"/>
	<entry name="ShowTimeLastWeek" mtime="1465682801" type="bool" value="false"/>
	<entry name="ShowTimeWeek" mtime="1465682801" type="bool" value="false"/>
	<entry name="ShowTimeYesterday" mtime="1465682801" type="bool" value="false"/>
	<entry name="ShowTimeDay" mtime="1465682801" type="bool" value="true"/>
	<entry name="ShowTimeCurrent" mtime="1465682801" type="bool" value="false"/>
	<entry name="ShowTableHeader" mtime="1465682801" type="bool" value="true"/>
	<entry name="ShowSubProjects" mtime="1465682801" type="bool" value="true"/>
	<entry name="ShowStatusbar" mtime="1465682801" type="bool" value="true"/>
	<entry name="ShowSecs" mtime="1465682801" type="bool" value="false"/>
</gconf>
