<?xml version="1.0"?>
<gconf>
	<entry name="roster_folded_groups" mtime="1468348322" type="list" ltype="string">
		<li type="string">
			<stringvalue>Dienste</stringvalue>
		</li>
		<li type="string">
			<stringvalue>Nachbarn</stringvalue>
		</li>
	</entry>
	<entry name="call_history" mtime="1468348220" type="string">
		<stringvalue>&lt;?xml version=&quot;1.0&quot;?&gt;
&lt;list&gt;&lt;entry uri=&quot;sip:520@ekiga.net&quot; type=&quot;1&quot;&gt;&lt;name&gt;sip:520@ekiga.net&lt;/name&gt;&lt;call_start&gt;1468348215&lt;/call_start&gt;&lt;call_duration/&gt;&lt;/entry&gt;&lt;entry uri=&quot;sip:500@ekiga.net&quot; type=&quot;1&quot;&gt;&lt;name&gt;sip:500@ekiga.net&lt;/name&gt;&lt;call_start&gt;1468348220&lt;/call_start&gt;&lt;call_duration/&gt;&lt;/entry&gt;&lt;/list&gt;
</stringvalue>
	</entry>
	<entry name="ldap_servers" mtime="1468431411" type="string">
		<stringvalue>&lt;?xml version=&quot;1.0&quot;?&gt;
&lt;list&gt;&lt;server&gt;&lt;name&gt;Ekiga.net-Verzeichnis&lt;/name&gt;&lt;uri&gt;ldap://ekiga.net/dc=ekiga,dc=net?givenName,telephoneNumber?sub?(cn=$)&lt;/uri&gt;&lt;authcID/&gt;&lt;password/&gt;&lt;/server&gt;&lt;/list&gt;
</stringvalue>
	</entry>
	<entry name="roster" mtime="1468348420" type="string">
		<stringvalue>&lt;?xml version=&quot;1.0&quot;?&gt;
&lt;list&gt;&lt;entry uri=&quot;sip:500@ekiga.net&quot; preferred=&quot;false&quot;&gt;&lt;name&gt;Echo-Test&lt;/name&gt;&lt;group&gt;Dienste&lt;/group&gt;&lt;/entry&gt;&lt;entry uri=&quot;sip:501@ekiga.net&quot; preferred=&quot;false&quot;&gt;&lt;name&gt;Konferenzraum&lt;/name&gt;&lt;group&gt;Dienste&lt;/group&gt;&lt;/entry&gt;&lt;entry uri=&quot;sip:520@ekiga.net&quot; preferred=&quot;false&quot;&gt;&lt;name&gt;R&amp;#xFC;ckruftest&lt;/name&gt;&lt;group&gt;Dienste&lt;/group&gt;&lt;/entry&gt;&lt;entry uri=&quot;sip:Loopshape@ekiga.net&quot; preferred=&quot;true&quot;&gt;&lt;name&gt;Arjuna Noorsanto&lt;/name&gt;&lt;group&gt;Selbst&lt;/group&gt;&lt;group&gt;Web Developer&lt;/group&gt;&lt;/entry&gt;&lt;/list&gt;
</stringvalue>
	</entry>
</gconf>
