<?xml version="1.0" encoding="UTF-8"?>

<channel name="displays" version="1.0">
  <property name="Default" type="empty">
    <property name="VGA-0" type="string" value="Bildschirm">
      <property name="Active" type="bool" value="true"/>
      <property name="Resolution" type="string" value="1024x768"/>
      <property name="RefreshRate" type="double" value="60.003840"/>
      <property name="Rotation" type="int" value="0"/>
      <property name="Reflection" type="string" value="0"/>
      <property name="Primary" type="bool" value="true"/>
      <property name="Position" type="empty">
        <property name="X" type="int" value="0"/>
        <property name="Y" type="int" value="0"/>
      </property>
    </property>
    <property name="default" type="string" value="default">
      <property name="Active" type="bool" value="true"/>
      <property name="Resolution" type="string" value="1024x768"/>
      <property name="RefreshRate" type="double" value="61.000000"/>
      <property name="Rotation" type="int" value="0"/>
      <property name="Reflection" type="string" value="0"/>
      <property name="Primary" type="bool" value="false"/>
      <property name="Position" type="empty">
        <property name="X" type="int" value="0"/>
        <property name="Y" type="int" value="0"/>
      </property>
    </property>
  </property>
  <property name="Notify" type="bool" value="true"/>
</channel>
