<?xml version="1.0" encoding="UTF-8"?>

<channel name="thunar" version="1.0">
  <property name="last-view" type="string" value="ThunarCompactView"/>
  <property name="last-icon-view-zoom-level" type="string" value="THUNAR_ZOOM_LEVEL_LARGE"/>
  <property name="misc-single-click" type="bool" value="true"/>
  <property name="misc-text-beside-icons" type="bool" value="true"/>
  <property name="misc-date-style" type="string" value="THUNAR_DATE_STYLE_SHORT"/>
  <property name="shortcuts-icon-size" type="string" value="THUNAR_ICON_SIZE_SMALLEST"/>
  <property name="tree-icon-size" type="string" value="THUNAR_ICON_SIZE_SMALLEST"/>
  <property name="misc-single-click-timeout" type="uint" value="0"/>
  <property name="misc-middle-click-in-tab" type="bool" value="true"/>
  <property name="last-separator-position" type="int" value="170"/>
  <property name="last-details-view-zoom-level" type="string" value="THUNAR_ZOOM_LEVEL_NORMAL"/>
  <property name="last-details-view-column-widths" type="string" value="50,124,500,169,158,124,94,54,249"/>
  <property name="last-compact-view-zoom-level" type="string" value="THUNAR_ZOOM_LEVEL_LARGE"/>
  <property name="default-view" type="string" value="ThunarCompactView"/>
  <property name="misc-thumbnail-mode" type="string" value="THUNAR_THUMBNAIL_MODE_ONLY_LOCAL"/>
  <property name="last-window-width" type="int" value="800"/>
  <property name="last-window-height" type="int" value="539"/>
  <property name="last-window-maximized" type="bool" value="true"/>
  <property name="last-show-hidden" type="bool" value="true"/>
  <property name="hidden-bookmarks" type="array">
    <value type="string" value="trash:///"/>
  </property>
  <property name="last-location-bar" type="string" value="ThunarLocationButtons"/>
  <property name="last-side-pane" type="string" value="ThunarTreePane"/>
  <property name="last-details-view-visible-columns" type="string" value="THUNAR_COLUMN_GROUP,THUNAR_COLUMN_NAME,THUNAR_COLUMN_OWNER,THUNAR_COLUMN_SIZE"/>
</channel>
