<?xml version="1.0" encoding="UTF-8"?>

<channel name="thunar" version="1.0">
  <property name="last-view" type="string" value="ThunarIconView"/>
  <property name="last-icon-view-zoom-level" type="string" value="THUNAR_ZOOM_LEVEL_NORMAL"/>
  <property name="last-show-hidden" type="bool" value="true"/>
  <property name="last-separator-position" type="int" value="225"/>
  <property name="last-window-maximized" type="bool" value="true"/>
  <property name="misc-single-click" type="bool" value="true"/>
  <property name="misc-file-size-binary" type="bool" value="false"/>
  <property name="misc-text-beside-icons" type="bool" value="true"/>
  <property name="misc-date-style" type="string" value="THUNAR_DATE_STYLE_SHORT"/>
  <property name="shortcuts-icon-size" type="string" value="THUNAR_ICON_SIZE_SMALLEST"/>
  <property name="tree-icon-size" type="string" value="THUNAR_ICON_SIZE_SMALLEST"/>
  <property name="misc-single-click-timeout" type="uint" value="2000"/>
  <property name="misc-middle-click-in-tab" type="bool" value="true"/>
  <property name="last-details-view-zoom-level" type="string" value="THUNAR_ZOOM_LEVEL_SMALLER"/>
  <property name="last-details-view-column-widths" type="string" value="50,479,50,50,234,50,50,72,330"/>
  <property name="last-window-width" type="int" value="640"/>
  <property name="last-window-height" type="int" value="480"/>
  <property name="last-location-bar" type="string" value="void"/>
  <property name="last-sort-column" type="string" value="THUNAR_COLUMN_NAME"/>
  <property name="last-sort-order" type="string" value="GTK_SORT_ASCENDING"/>
  <property name="hidden-devices" type="array">
    <value type="string" value="Diskette-Datenträger"/>
  </property>
  <property name="last-compact-view-zoom-level" type="string" value="THUNAR_ZOOM_LEVEL_SMALLEST"/>
</channel>
