<?xml version="1.0" encoding="UTF-8"?>

<channel name="xfce4-panel" version="1.0">
  <property name="configver" type="int" value="2"/>
  <property name="panels" type="array">
    <value type="int" value="1"/>
    <property name="panel-1" type="empty">
      <property name="position" type="string" value="p=9;x=507;y=27"/>
      <property name="size" type="uint" value="30"/>
      <property name="length" type="uint" value="100"/>
      <property name="length-adjust" type="bool" value="true"/>
      <property name="position-locked" type="bool" value="true"/>
      <property name="background-style" type="uint" value="1"/>
      <property name="background-color" type="array">
        <value type="uint" value="27525"/>
        <value type="uint" value="0"/>
        <value type="uint" value="8258"/>
        <value type="uint" value="65535"/>
      </property>
      <property name="plugin-ids" type="array">
        <value type="int" value="16"/>
        <value type="int" value="1"/>
        <value type="int" value="15"/>
        <value type="int" value="13"/>
        <value type="int" value="8"/>
        <value type="int" value="7"/>
        <value type="int" value="9"/>
        <value type="int" value="10"/>
        <value type="int" value="6"/>
        <value type="int" value="3"/>
        <value type="int" value="2"/>
        <value type="int" value="12"/>
        <value type="int" value="4"/>
        <value type="int" value="14"/>
        <value type="int" value="5"/>
        <value type="int" value="17"/>
        <value type="int" value="11"/>
      </property>
      <property name="leave-opacity" type="uint" value="98"/>
      <property name="autohide-behavior" type="uint" value="0"/>
      <property name="background-alpha" type="uint" value="100"/>
      <property name="mode" type="uint" value="0"/>
      <property name="disable-struts" type="bool" value="false"/>
      <property name="background-image" type="string" value="/home/loop/Bilder/stars.jpg"/>
      <property name="enter-opacity" type="uint" value="98"/>
    </property>
  </property>
  <property name="plugins" type="empty">
    <property name="plugin-2" type="string" value="weather"/>
    <property name="plugin-3" type="string" value="clock">
      <property name="mode" type="uint" value="4"/>
      <property name="show-frame" type="bool" value="false"/>
      <property name="tooltip-format" type="string" value=""/>
      <property name="show-seconds" type="bool" value="false"/>
      <property name="flash-separators" type="bool" value="true"/>
      <property name="timezone" type="string" value=""/>
    </property>
    <property name="plugin-4" type="string" value="systemload"/>
    <property name="plugin-5" type="string" value="showdesktop"/>
    <property name="plugin-7" type="string" value="separator">
      <property name="style" type="uint" value="0"/>
      <property name="expand" type="bool" value="true"/>
    </property>
    <property name="plugin-8" type="string" value="separator">
      <property name="style" type="uint" value="1"/>
      <property name="expand" type="bool" value="false"/>
    </property>
    <property name="plugin-10" type="string" value="screenshooter"/>
    <property name="plugin-11" type="string" value="pager">
      <property name="rows" type="uint" value="1"/>
    </property>
    <property name="plugin-12" type="string" value="cpugraph"/>
    <property name="clipman" type="empty">
      <property name="tweaks" type="empty">
        <property name="never-confirm-history-clear" type="bool" value="true"/>
        <property name="paste-on-activate" type="uint" value="2"/>
        <property name="popup-at-pointer" type="bool" value="true"/>
        <property name="reverse-menu-order" type="bool" value="true"/>
      </property>
      <property name="settings" type="empty">
        <property name="add-primary-clipboard" type="bool" value="true"/>
        <property name="enable-actions" type="bool" value="true"/>
      </property>
    </property>
    <property name="plugin-13" type="string" value="tasklist">
      <property name="flat-buttons" type="bool" value="false"/>
      <property name="show-handle" type="bool" value="false"/>
      <property name="include-all-workspaces" type="bool" value="true"/>
    </property>
    <property name="plugin-14" type="string" value="netload"/>
    <property name="plugin-16" type="string" value="whiskermenu"/>
    <property name="notes" type="empty">
      <property name="global" type="empty">
        <property name="skip-taskbar-hint" type="bool" value="true"/>
        <property name="background-color" type="string" value="#FCF66F"/>
        <property name="tabs-position" type="int" value="1"/>
        <property name="font-description" type="string" value="Sans Bold 9"/>
      </property>
      <property name="new-window" type="empty">
        <property name="width" type="int" value="300"/>
        <property name="height" type="int" value="375"/>
        <property name="always-on-top" type="bool" value="false"/>
      </property>
    </property>
    <property name="plugin-6" type="string" value="systray">
      <property name="names-visible" type="array">
        <value type="string" value="thunar"/>
        <value type="string" value="vlc"/>
        <value type="string" value="taskmanager"/>
        <value type="string" value="gxine"/>
        <value type="string" value="pidgin"/>
        <value type="string" value="chromium"/>
        <value type="string" value="evolution-alarm-notify"/>
        <value type="string" value="notizen"/>
        <value type="string" value="smplayer"/>
        <value type="string" value="ausgangslautstärke"/>
        <value type="string" value="gnome-mplayer"/>
      </property>
      <property name="size-max" type="uint" value="28"/>
      <property name="names-hidden" type="array">
        <value type="string" value="alarm-clock-applet"/>
        <value type="string" value="e-mail-eingangsüberwachung"/>
        <value type="string" value="zwischenablage"/>
        <value type="string" value="solaar"/>
        <value type="string" value="autokey-gtk"/>
        <value type="string" value="onboard"/>
        <value type="string" value="do"/>
        <value type="string" value="clipit"/>
        <value type="string" value="mate-volume-control-applet"/>
        <value type="string" value="mikrofonlautstärke"/>
        <value type="string" value="gpaste-applet"/>
        <value type="string" value="fusion-icon"/>
        <value type="string" value="xfce4-power-manager"/>
        <value type="string" value="wecker"/>
        <value type="string" value="screenlets-daemon.py"/>
        <value type="string" value="netzwerk-manager-applet"/>
        <value type="string" value="wireless-monitor"/>
        <value type="string" value="gdesklets-daemon"/>
      </property>
      <property name="show-frame" type="bool" value="false"/>
    </property>
    <property name="plugin-15" type="string" value="separator">
      <property name="style" type="uint" value="1"/>
      <property name="expand" type="bool" value="false"/>
    </property>
    <property name="plugin-1" type="string" value="launcher">
      <property name="items" type="array">
        <value type="string" value="14643039622.desktop"/>
        <value type="string" value="14643745721.desktop"/>
        <value type="string" value="14642818403.desktop"/>
        <value type="string" value="14642850125.desktop"/>
        <value type="string" value="14644314191.desktop"/>
        <value type="string" value="14642928521.desktop"/>
        <value type="string" value="14644643263.desktop"/>
        <value type="string" value="14644642932.desktop"/>
        <value type="string" value="14642818262.desktop"/>
        <value type="string" value="14642850034.desktop"/>
        <value type="string" value="14643143993.desktop"/>
        <value type="string" value="14644642741.desktop"/>
        <value type="string" value="14642816901.desktop"/>
        <value type="string" value="14643039351.desktop"/>
        <value type="string" value="14643165154.desktop"/>
      </property>
      <property name="show-label" type="bool" value="false"/>
      <property name="arrow-position" type="uint" value="5"/>
      <property name="move-first" type="bool" value="false"/>
    </property>
    <property name="plugin-9" type="string" value="separator">
      <property name="style" type="uint" value="1"/>
    </property>
    <property name="plugin-17" type="string" value="separator">
      <property name="style" type="uint" value="1"/>
    </property>
  </property>
</channel>
