<?xml version="1.0" encoding="UTF-8"?>

<channel name="xfce4-power-manager" version="1.0">
  <property name="xfce4-power-manager" type="empty">
    <property name="power-button-action" type="empty"/>
    <property name="lock-screen-suspend-hibernate" type="bool" value="false"/>
    <property name="show-tray-icon" type="int" value="0"/>
    <property name="general-notification" type="bool" value="true"/>
    <property name="sleep-button-action" type="uint" value="3"/>
    <property name="hibernate-button-action" type="uint" value="3"/>
    <property name="dpms-enabled" type="bool" value="false"/>
    <property name="dpms-on-ac-off" type="uint" value="22"/>
    <property name="dpms-on-ac-sleep" type="uint" value="21"/>
    <property name="blank-on-ac" type="int" value="20"/>
  </property>
</channel>
