<?xml version="1.0" encoding="UTF-8"?>

<channel name="xfce4-panel" version="1.0">
  <property name="configver" type="int" value="2"/>
  <property name="panels" type="array">
    <value type="int" value="1"/>
    <property name="panel-1" type="empty">
      <property name="position" type="string" value="p=6;x=680;y=384"/>
      <property name="length" type="uint" value="100"/>
      <property name="size" type="uint" value="32"/>
      <property name="position-locked" type="bool" value="true"/>
      <property name="disable-struts" type="bool" value="false"/>
      <property name="background-style" type="uint" value="1"/>
      <property name="background-color" type="array">
        <value type="uint" value="30583"/>
        <value type="uint" value="0"/>
        <value type="uint" value="4369"/>
        <value type="uint" value="65535"/>
      </property>
      <property name="plugin-ids" type="array">
        <value type="int" value="12"/>
        <value type="int" value="3"/>
        <value type="int" value="17"/>
        <value type="int" value="10"/>
        <value type="int" value="8"/>
        <value type="int" value="11"/>
        <value type="int" value="9"/>
        <value type="int" value="4"/>
        <value type="int" value="6"/>
        <value type="int" value="2"/>
        <value type="int" value="5"/>
        <value type="int" value="13"/>
        <value type="int" value="7"/>
        <value type="int" value="1"/>
      </property>
      <property name="autohide-behavior" type="uint" value="0"/>
      <property name="nrows" type="uint" value="1"/>
      <property name="length-adjust" type="bool" value="true"/>
    </property>
  </property>
  <property name="plugins" type="empty">
    <property name="plugin-1" type="string" value="pager">
      <property name="rows" type="uint" value="1"/>
    </property>
    <property name="plugin-7" type="string" value="showdesktop"/>
    <property name="plugin-8" type="string" value="separator">
      <property name="style" type="uint" value="0"/>
      <property name="expand" type="bool" value="true"/>
    </property>
    <property name="plugin-12" type="string" value="applicationsmenu">
      <property name="show-menu-icons" type="bool" value="true"/>
      <property name="show-button-title" type="bool" value="false"/>
      <property name="button-icon" type="string" value="preferences-desktop-default-applications"/>
      <property name="button-title" type="string" value=""/>
      <property name="show-tooltips" type="bool" value="true"/>
      <property name="custom-menu" type="bool" value="false"/>
    </property>
    <property name="plugin-10" type="string" value="tasklist">
      <property name="show-handle" type="bool" value="false"/>
      <property name="flat-buttons" type="bool" value="true"/>
      <property name="show-labels" type="bool" value="true"/>
      <property name="sort-order" type="uint" value="3"/>
      <property name="grouping" type="uint" value="1"/>
      <property name="include-all-workspaces" type="bool" value="true"/>
      <property name="middle-click" type="uint" value="2"/>
    </property>
    <property name="plugin-15" type="string" value="smartbookmark"/>
    <property name="plugin-17" type="string" value="separator">
      <property name="style" type="uint" value="1"/>
    </property>
    <property name="clipman" type="empty">
      <property name="tweaks" type="empty">
        <property name="never-confirm-history-clear" type="bool" value="false"/>
      </property>
    </property>
    <property name="plugin-3" type="string" value="windowmenu">
      <property name="style" type="uint" value="1"/>
      <property name="workspace-actions" type="bool" value="false"/>
      <property name="workspace-names" type="bool" value="false"/>
      <property name="urgentcy-notification" type="bool" value="false"/>
    </property>
    <property name="plugin-4" type="string" value="systray">
      <property name="names-visible" type="array">
        <value type="string" value="thunar"/>
        <value type="string" value="vlc"/>
        <value type="string" value="ekiga softphone"/>
        <value type="string" value="systray icon"/>
        <value type="string" value="smplayer"/>
        <value type="string" value="evolution-alarm-notify"/>
      </property>
      <property name="show-frame" type="bool" value="false"/>
      <property name="size-max" type="uint" value="28"/>
      <property name="names-hidden" type="array">
        <value type="string" value="clipit"/>
        <value type="string" value="fusion-icon"/>
        <value type="string" value="xfce4-power-manager"/>
        <value type="string" value="netzwerk-manager-applet"/>
      </property>
    </property>
    <property name="plugin-5" type="string" value="actions">
      <property name="ask-confirmation" type="bool" value="true"/>
      <property name="appearance" type="uint" value="1"/>
    </property>
    <property name="plugin-6" type="string" value="clock">
      <property name="timezone" type="string" value="Europe/Berlin"/>
      <property name="mode" type="uint" value="4"/>
      <property name="show-seconds" type="bool" value="false"/>
      <property name="flash-separators" type="bool" value="true"/>
      <property name="tooltip-format" type="string" value=""/>
    </property>
    <property name="plugin-2" type="string" value="weather"/>
    <property name="plugin-9" type="string" value="pulseaudio">
      <property name="enable-keyboard-shortcuts" type="bool" value="true"/>
    </property>
    <property name="plugin-11" type="string" value="screenshooter"/>
    <property name="plugin-13" type="string" value="systemload"/>
  </property>
</channel>
