<?xml version="1.0" encoding="UTF-8"?>

<channel name="xfce4-mixer" version="1.0">
  <property name="sound-card" type="string" value="IntelICH5Alsamixer"/>
  <property name="volume-step-size" type="uint" value="5"/>
  <property name="sound-cards" type="empty">
    <property name="IntelICH5Alsamixer" type="array">
      <value type="string" value="Hauptregler"/>
      <value type="string" value="Master Mono"/>
      <value type="string" value="Master Surround"/>
      <value type="string" value="Headphone Jack Sense"/>
      <value type="string" value="PCM"/>
      <value type="string" value="Line-Eingang"/>
      <value type="string" value="Line-Eingang Aufnahme"/>
      <value type="string" value="Line Jack Sense"/>
      <value type="string" value="CD"/>
      <value type="string" value="CD Aufnahme"/>
      <value type="string" value="Mikrofon"/>
      <value type="string" value="Mikrofon Aufnahme"/>
      <value type="string" value="Mic Boost (+20dB)"/>
      <value type="string" value="Mic Select"/>
      <value type="string" value="Mix"/>
      <value type="string" value="Exchange Front/Surround"/>
      <value type="string" value="Spread Front to Surround and Center/LFE"/>
      <value type="string" value="Stereo Mic"/>
    </property>
  </property>
  <property name="window-height" type="int" value="490"/>
  <property name="window-width" type="int" value="659"/>
</channel>
