<?xml version="1.0" encoding="UTF-8"?>

<channel name="xfce4-power-manager" version="1.0">
  <property name="xfce4-power-manager" type="empty">
    <property name="power-button-action" type="uint" value="4"/>
    <property name="sleep-button-action" type="uint" value="0"/>
    <property name="hibernate-button-action" type="uint" value="2"/>
    <property name="show-tray-icon" type="int" value="0"/>
    <property name="inactivity-sleep-mode-on-ac" type="uint" value="2"/>
    <property name="inactivity-on-ac" type="uint" value="240"/>
    <property name="dpms-enabled" type="bool" value="false"/>
    <property name="dpms-on-ac-off" type="uint" value="22"/>
    <property name="dpms-on-ac-sleep" type="uint" value="21"/>
    <property name="blank-on-ac" type="int" value="20"/>
    <property name="lock-screen-suspend-hibernate" type="bool" value="false"/>
    <property name="logind-handle-lid-switch" type="bool" value="false"/>
  </property>
</channel>
