<?xml version="1.0" encoding="UTF-8"?>

<channel name="xfce4-desktop" version="1.0">
  <property name="backdrop" type="empty">
    <property name="screen0" type="empty">
      <property name="monitor0" type="empty">
        <property name="brightness" type="int" value="-40"/>
        <property name="color1" type="array">
          <value type="uint" value="7967"/>
          <value type="uint" value="9436"/>
          <value type="uint" value="28527"/>
          <value type="uint" value="65535"/>
        </property>
        <property name="color2" type="array">
          <value type="uint" value="9509"/>
          <value type="uint" value="28527"/>
          <value type="uint" value="7967"/>
          <value type="uint" value="65535"/>
        </property>
        <property name="color-style" type="int" value="2"/>
        <property name="image-path" type="string" value="/home/loop/Dokumente/Sun24Y_DeskWorld/WallPapers/Spiral_Inverter_Cycle.jpg"/>
        <property name="image-show" type="empty"/>
        <property name="last-image" type="empty"/>
        <property name="last-single-image" type="empty"/>
        <property name="last-image-list" type="string" value="/home/loop/.config/xfce4/desktop/backdrop.list"/>
        <property name="image-style" type="int" value="3"/>
        <property name="saturation" type="double" value="1.200000"/>
        <property name="workspace0" type="empty">
          <property name="color-style" type="int" value="2"/>
          <property name="color1" type="array">
            <value type="uint" value="0"/>
            <value type="uint" value="8643"/>
            <value type="uint" value="22282"/>
            <value type="uint" value="65535"/>
          </property>
          <property name="color2" type="array">
            <value type="uint" value="18350"/>
            <value type="uint" value="1745"/>
            <value type="uint" value="0"/>
            <value type="uint" value="65535"/>
          </property>
          <property name="image-style" type="int" value="3"/>
          <property name="last-image" type="string" value="/home/loop/Dokumente/Sun24Y_DeskWorld.theme/WallPapers/Color_Swirl.jpg"/>
          <property name="backdrop-cycle-enable" type="bool" value="false"/>
          <property name="backdrop-cycle-timer" type="uint" value="1"/>
          <property name="backdrop-cycle-random-order" type="bool" value="true"/>
        </property>
        <property name="workspace1" type="empty">
          <property name="color-style" type="int" value="2"/>
          <property name="color1" type="array">
            <value type="uint" value="7967"/>
            <value type="uint" value="9436"/>
            <value type="uint" value="28527"/>
            <value type="uint" value="65535"/>
          </property>
          <property name="color2" type="array">
            <value type="uint" value="9509"/>
            <value type="uint" value="28527"/>
            <value type="uint" value="7967"/>
            <value type="uint" value="65535"/>
          </property>
          <property name="image-style" type="int" value="3"/>
          <property name="last-image" type="string" value="/home/loop/.config/xfce4/desktop/backdrop.list"/>
        </property>
        <property name="workspace2" type="empty">
          <property name="color-style" type="int" value="2"/>
          <property name="color1" type="array">
            <value type="uint" value="7967"/>
            <value type="uint" value="9436"/>
            <value type="uint" value="28527"/>
            <value type="uint" value="65535"/>
          </property>
          <property name="color2" type="array">
            <value type="uint" value="9509"/>
            <value type="uint" value="28527"/>
            <value type="uint" value="7967"/>
            <value type="uint" value="65535"/>
          </property>
          <property name="image-style" type="int" value="3"/>
          <property name="last-image" type="string" value="/home/loop/.config/xfce4/desktop/backdrop.list"/>
        </property>
        <property name="workspace3" type="empty">
          <property name="color-style" type="int" value="2"/>
          <property name="color1" type="array">
            <value type="uint" value="7967"/>
            <value type="uint" value="9436"/>
            <value type="uint" value="28527"/>
            <value type="uint" value="65535"/>
          </property>
          <property name="color2" type="array">
            <value type="uint" value="9509"/>
            <value type="uint" value="28527"/>
            <value type="uint" value="7967"/>
            <value type="uint" value="65535"/>
          </property>
          <property name="image-style" type="int" value="3"/>
          <property name="last-image" type="string" value="/home/loop/.config/xfce4/desktop/backdrop.list"/>
        </property>
      </property>
      <property name="monitorVGA-0" type="empty">
        <property name="workspace0" type="empty">
          <property name="color-style" type="int" value="2"/>
          <property name="color1" type="array">
            <value type="uint" value="7967"/>
            <value type="uint" value="9436"/>
            <value type="uint" value="28527"/>
            <value type="uint" value="65535"/>
          </property>
          <property name="color2" type="array">
            <value type="uint" value="9509"/>
            <value type="uint" value="28527"/>
            <value type="uint" value="7967"/>
            <value type="uint" value="65535"/>
          </property>
          <property name="image-style" type="int" value="3"/>
          <property name="last-image" type="string" value="/home/loop/.config/xfce4/desktop/backdrop.list"/>
        </property>
        <property name="workspace1" type="empty">
          <property name="color-style" type="int" value="2"/>
          <property name="color1" type="array">
            <value type="uint" value="7967"/>
            <value type="uint" value="9436"/>
            <value type="uint" value="28527"/>
            <value type="uint" value="65535"/>
          </property>
          <property name="color2" type="array">
            <value type="uint" value="9509"/>
            <value type="uint" value="28527"/>
            <value type="uint" value="7967"/>
            <value type="uint" value="65535"/>
          </property>
          <property name="image-style" type="int" value="3"/>
          <property name="last-image" type="string" value="/home/loop/.config/xfce4/desktop/backdrop.list"/>
        </property>
        <property name="workspace2" type="empty">
          <property name="color-style" type="int" value="2"/>
          <property name="color1" type="array">
            <value type="uint" value="7967"/>
            <value type="uint" value="9436"/>
            <value type="uint" value="28527"/>
            <value type="uint" value="65535"/>
          </property>
          <property name="color2" type="array">
            <value type="uint" value="9509"/>
            <value type="uint" value="28527"/>
            <value type="uint" value="7967"/>
            <value type="uint" value="65535"/>
          </property>
          <property name="image-style" type="int" value="3"/>
          <property name="last-image" type="string" value="/home/loop/.config/xfce4/desktop/backdrop.list"/>
        </property>
        <property name="workspace3" type="empty">
          <property name="color-style" type="int" value="2"/>
          <property name="color1" type="array">
            <value type="uint" value="7967"/>
            <value type="uint" value="9436"/>
            <value type="uint" value="28527"/>
            <value type="uint" value="65535"/>
          </property>
          <property name="color2" type="array">
            <value type="uint" value="9509"/>
            <value type="uint" value="28527"/>
            <value type="uint" value="7967"/>
            <value type="uint" value="65535"/>
          </property>
          <property name="image-style" type="int" value="3"/>
          <property name="last-image" type="string" value="/home/loop/.config/xfce4/desktop/backdrop.list"/>
        </property>
      </property>
    </property>
    <property name="single-workspace-mode" type="bool" value="true"/>
    <property name="single-workspace-number" type="int" value="0"/>
  </property>
  <property name="desktop-icons" type="empty">
    <property name="icon-size" type="uint" value="48"/>
    <property name="use-custom-font-size" type="bool" value="true"/>
    <property name="font-size" type="double" value="7.000000"/>
    <property name="single-click" type="bool" value="true"/>
    <property name="file-icons" type="empty">
      <property name="show-trash" type="bool" value="false"/>
      <property name="show-filesystem" type="bool" value="true"/>
      <property name="show-home" type="bool" value="false"/>
    </property>
    <property name="show-hidden-files" type="bool" value="true"/>
    <property name="style" type="int" value="2"/>
  </property>
  <property name="last" type="empty">
    <property name="window-width" type="int" value="717"/>
    <property name="window-height" type="int" value="492"/>
  </property>
  <property name="windowlist-menu" type="empty">
    <property name="show-add-remove-workspaces" type="bool" value="true"/>
  </property>
</channel>
