<?xml version="1.0" encoding="UTF-8"?>

<channel name="xfce4-desktop" version="1.0">
  <property name="backdrop" type="empty">
    <property name="screen0" type="empty">
      <property name="monitor0" type="empty">
        <property name="brightness" type="empty"/>
        <property name="color1" type="empty"/>
        <property name="color2" type="empty"/>
        <property name="color-style" type="empty"/>
        <property name="image-path" type="empty"/>
        <property name="image-show" type="empty"/>
        <property name="last-image" type="empty"/>
        <property name="last-single-image" type="empty"/>
        <property name="workspace0" type="empty">
          <property name="color-style" type="int" value="2"/>
          <property name="color1" type="array">
            <value type="uint" value="0"/>
            <value type="uint" value="5243"/>
            <value type="uint" value="10486"/>
            <value type="uint" value="65535"/>
          </property>
          <property name="color2" type="array">
            <value type="uint" value="0"/>
            <value type="uint" value="13107"/>
            <value type="uint" value="0"/>
            <value type="uint" value="65535"/>
          </property>
          <property name="image-style" type="int" value="0"/>
          <property name="last-image" type="string" value="/home/loop/Dokumente/Sun24Y_DeskWorld.theme/WallPapers/Spiral_Inverter_Cycle.jpg"/>
        </property>
        <property name="workspace1" type="empty">
          <property name="color-style" type="int" value="1"/>
          <property name="color1" type="array">
            <value type="uint" value="7936"/>
            <value type="uint" value="16128"/>
            <value type="uint" value="28416"/>
            <value type="uint" value="65535"/>
          </property>
          <property name="color2" type="array">
            <value type="uint" value="26880"/>
            <value type="uint" value="34048"/>
            <value type="uint" value="46848"/>
            <value type="uint" value="65535"/>
          </property>
          <property name="image-style" type="int" value="5"/>
          <property name="last-image" type="string" value="/usr/share/images/desktop-base/default"/>
        </property>
        <property name="workspace2" type="empty">
          <property name="color-style" type="int" value="1"/>
          <property name="color1" type="array">
            <value type="uint" value="7936"/>
            <value type="uint" value="16128"/>
            <value type="uint" value="28416"/>
            <value type="uint" value="65535"/>
          </property>
          <property name="color2" type="array">
            <value type="uint" value="26880"/>
            <value type="uint" value="34048"/>
            <value type="uint" value="46848"/>
            <value type="uint" value="65535"/>
          </property>
          <property name="image-style" type="int" value="5"/>
          <property name="last-image" type="string" value="/usr/share/images/desktop-base/default"/>
        </property>
        <property name="workspace3" type="empty">
          <property name="color-style" type="int" value="1"/>
          <property name="color1" type="array">
            <value type="uint" value="7936"/>
            <value type="uint" value="16128"/>
            <value type="uint" value="28416"/>
            <value type="uint" value="65535"/>
          </property>
          <property name="color2" type="array">
            <value type="uint" value="26880"/>
            <value type="uint" value="34048"/>
            <value type="uint" value="46848"/>
            <value type="uint" value="65535"/>
          </property>
          <property name="image-style" type="int" value="5"/>
          <property name="last-image" type="string" value="/usr/share/images/desktop-base/default"/>
        </property>
      </property>
      <property name="monitorVGA-0" type="empty">
        <property name="workspace0" type="empty">
          <property name="image-style" type="int" value="0"/>
          <property name="color1" type="array">
            <value type="uint" value="34952"/>
            <value type="uint" value="4369"/>
            <value type="uint" value="8738"/>
            <value type="uint" value="65535"/>
          </property>
          <property name="color2" type="array">
            <value type="uint" value="8738"/>
            <value type="uint" value="17476"/>
            <value type="uint" value="26214"/>
            <value type="uint" value="65535"/>
          </property>
          <property name="backdrop-cycle-enable" type="bool" value="false"/>
          <property name="backdrop-cycle-timer" type="uint" value="1"/>
          <property name="color-style" type="int" value="2"/>
        </property>
      </property>
    </property>
    <property name="single-workspace-mode" type="bool" value="true"/>
    <property name="single-workspace-number" type="int" value="0"/>
  </property>
  <property name="desktop-icons" type="empty">
    <property name="show-hidden-files" type="bool" value="true"/>
    <property name="single-click" type="bool" value="true"/>
    <property name="use-custom-font-size" type="bool" value="true"/>
    <property name="font-size" type="double" value="7.000000"/>
    <property name="tooltip-size" type="double" value="160.000000"/>
    <property name="icon-size" type="uint" value="32"/>
    <property name="file-icons" type="empty">
      <property name="show-trash" type="bool" value="false"/>
      <property name="show-home" type="bool" value="true"/>
      <property name="show-filesystem" type="bool" value="true"/>
    </property>
  </property>
  <property name="last" type="empty">
    <property name="window-width" type="int" value="704"/>
    <property name="window-height" type="int" value="565"/>
  </property>
</channel>
