<?xml version="1.0" encoding="UTF-8"?>

<channel name="xsettings" version="1.0">
  <property name="Net" type="empty">
    <property name="ThemeName" type="string" value="CleanIce-Debian"/>
    <property name="IconThemeName" type="string" value="gnome-brave"/>
    <property name="DoubleClickTime" type="int" value="254"/>
    <property name="DoubleClickDistance" type="int" value="8"/>
    <property name="DndDragThreshold" type="int" value="12"/>
    <property name="CursorBlink" type="empty"/>
    <property name="CursorBlinkTime" type="empty"/>
    <property name="SoundThemeName" type="empty"/>
    <property name="EnableEventSounds" type="bool" value="true"/>
    <property name="EnableInputFeedbackSounds" type="bool" value="true"/>
  </property>
  <property name="Xft" type="empty">
    <property name="DPI" type="empty"/>
    <property name="Antialias" type="int" value="1"/>
    <property name="Hinting" type="empty"/>
    <property name="HintStyle" type="string" value="hintslight"/>
    <property name="RGBA" type="string" value="rgb"/>
  </property>
  <property name="Gtk" type="empty">
    <property name="CanChangeAccels" type="bool" value="true"/>
    <property name="ColorPalette" type="empty"/>
    <property name="FontName" type="string" value="Sans Bold 7"/>
    <property name="IconSizes" type="empty"/>
    <property name="KeyThemeName" type="empty"/>
    <property name="ToolbarStyle" type="string" value="both-horiz"/>
    <property name="ToolbarIconSize" type="empty"/>
    <property name="MenuImages" type="bool" value="true"/>
    <property name="ButtonImages" type="bool" value="true"/>
    <property name="MenuBarAccel" type="empty"/>
    <property name="CursorThemeName" type="string" value="Adwaita"/>
    <property name="CursorThemeSize" type="int" value="32"/>
    <property name="DecorationLayout" type="empty"/>
  </property>
</channel>
