<?xml version="1.0"?>
<gconf>
	<entry name="winHeight" mtime="1463585750" type="int" value="719"/>
	<entry name="winWidth" mtime="1463585750" type="int" value="1024"/>
	<entry name="winY" mtime="1463585750" type="int" value="30"/>
	<entry name="winX" mtime="1463585750" type="int" value="0"/>
	<entry name="textureResolution" mtime="1463585750" type="int" value="2"/>
	<entry name="distanceLimit" mtime="1463585750" type="int" value="1000000"/>
	<entry name="visualMagnitude" mtime="1463585569" type="float" value="7.951728343963623"/>
	<entry name="showLocalTime" mtime="1463585415" type="bool" value="true"/>
	<entry name="ambientLight" mtime="1463585565" type="float" value="0.10000000149011612"/>
	<entry name="verbosity" mtime="1463585415" type="int" value="1"/>
</gconf>
