<?xml version="1.0"?>
<gconf>
	<entry name="distanceLimit" mtime="1465710336" type="int" value="1000000"/>
	<entry name="textureResolution" mtime="1465710336" type="int" value="1"/>
	<entry name="winHeight" mtime="1465710336" type="int" value="480"/>
	<entry name="winWidth" mtime="1465710336" type="int" value="640"/>
	<entry name="winY" mtime="1465710336" type="int" value="0"/>
	<entry name="winX" mtime="1465710336" type="int" value="0"/>
	<entry name="showLocalTime" mtime="1465710235" type="bool" value="true"/>
	<entry name="ambientLight" mtime="1465710235" type="float" value="0.10000000149011612"/>
	<entry name="verbosity" mtime="1465710235" type="int" value="1"/>
</gconf>
