<?xml version="1.0" encoding="UTF-8"?>
<!-- Created with GNOME Commander (http://gcmd.github.io/) -->
<GnomeCommander version="1.4.7">
	<Layout>
		<Panel name="left">
			<Tab path="/home/loop/Dokumente/Sun24Y_DeskWorld.theme" sort="1" asc="0" lock="0"/>
		</Panel>
		<Panel name="right">
			<Tab path="/home/loop/Dokumente/Sun24Y_DeskWorld.theme/HOMEDIR" sort="1" asc="0" lock="0"/>
		</Panel>
	</Layout>
	<History>
		<Directories>
			<Directory path="/home/loop/Dokumente/Sun24Y_DeskWorld.theme"/>
			<Directory path="/home/loop/Dokumente/Sun24Y_DeskWorld.theme/HOMEDIR"/>
			<Directory path="/home/loop"/>
			<Directory path="/home/mega"/>
			<Directory path="/home/loop/Dokumente"/>
			<Directory path="/home/sunray"/>
			<Directory path="/home"/>
			<Directory path="/home/loop/.config/cairo-dock/current_theme/plug-ins"/>
			<Directory path="/home/loop/.config/cairo-dock/current_theme"/>
			<Directory path="/home/loop/.config/cairo-dock/current_theme/plug-ins/switcher"/>
			<Directory path="/home/loop/.config/cairo-dock/current_theme/launchers"/>
			<Directory path="/home/loop/.config/cairo-dock"/>
			<Directory path="/home/loop/.config"/>
			<Directory path="/home/mega/.gimp-2.8"/>
			<Directory path="/home/mega/.screenlets"/>
			<Directory path="/home/loop/.config/autostart"/>
			<Directory path="/home/loop/.mplayer"/>
			<Directory path="/.Backup"/>
			<Directory path="/"/>
			<Directory path="/home/loop/.gnome-commander"/>
		</Directories>
	</History>
	<AdvancedRenameTool>
		<WindowSize width="910" height="483"/>
		<Profile name="Default">
			<Template>Blue_Binary_Tide.jpg</Template>
			<Counter start="1" step="1" width="1"/>
			<Regexes/>
			<CaseConversion use="0"/>
			<TrimBlanks use="3"/>
		</Profile>
		<Profile name="Audiodateien">
			<Template>$T(Audio.AlbumArtist) - $T(Audio.Title).$e</Template>
			<Counter start="1" step="1" width="1"/>
			<Regexes>
				<Regex pattern="[ _]+" replace=" " match-case="0"/>
				<Regex pattern="[fF]eat\." replace="fr." match-case="1"/>
			</Regexes>
			<CaseConversion use="0"/>
			<TrimBlanks use="3"/>
		</Profile>
		<Profile name="Zusammenschreibung ohne Leerzeichen (CamelCase)">
			<Template>$N</Template>
			<Counter start="1" step="1" width="0"/>
			<Regexes>
				<Regex pattern="\s*\b(\w)(\w*)\b" replace="\u\1\L\2\E" match-case="0"/>
				<Regex pattern="\.(.+)$" replace=".\L\1" match-case="0"/>
			</Regexes>
			<CaseConversion use="0"/>
			<TrimBlanks use="3"/>
		</Profile>
		<History>
			<Template>Blue_Binary_Tide.jpg</Template>
		</History>
	</AdvancedRenameTool>
	<SearchTool>
		<WindowSize width="640" height="400"/>
		<Profile name="Default">
			<Pattern syntax="shell" match-case="0"></Pattern>
			<Subdirectories max-depth="-1"/>
			<Text content-search="0" match-case="0"></Text>
		</Profile>
		<History>
			<Pattern>.*</Pattern>
		</History>
	</SearchTool>
	<BookmarksTool>
		<WindowSize width="544" height="338"/>
	</BookmarksTool>
	<Connections>
		<Connection name="GNOME Commander" uri="ftp://anonymous@ftp.gnome.org/pub/GNOME/sources/gnome-commander/" auth="3"/>
	</Connections>
	<Bookmarks>
		<Group name="Home">
			<Bookmark name="root" path="/root"/>
			<Bookmark name="mega" path="/home/mega"/>
			<Bookmark name="loop" path="/home/loop"/>
			<Bookmark name="HOMEDIR" path="/home/loop/Dokumente/Sun24Y_DeskWorld.theme/HOMEDIR"/>
			<Bookmark name="html" path="/var/www/html"/>
			<Bookmark name="Sun24Y_DeskWorld.theme" path="/home/loop/Dokumente/Sun24Y_DeskWorld.theme"/>
		</Group>
	</Bookmarks>
	<Selections/>
	<KeyBindings>
		<Key name="plus" shift="1" control="1" action="view.equal_panes"/>
		<Key name="minus" control="1" action="mark.unselect_all"/>
		<Key name="period" control="1" action="view.in_active_pane"/>
		<Key name="1" alt="1" action="connections.change_left"/>
		<Key name="1" super="1" action="connections.change_left"/>
		<Key name="2" alt="1" action="connections.change_right"/>
		<Key name="2" super="1" action="connections.change_right"/>
		<Key name="5" control="1" action="plugins.execute_python" options="md5sum"/>
		<Key name="equal" control="1" action="mark.select_all"/>
		<Key name="greater" shift="1" control="1" action="view.in_inactive_pane"/>
		<Key name="backslash" control="1" action="view.root"/>
		<Key name="grave" control="1" action="view.home"/>
		<Key name="a" control="1" action="mark.select_all"/>
		<Key name="a" shift="1" control="1" action="mark.unselect_all"/>
		<Key name="c" shift="1" control="1" action="edit.copy_filenames"/>
		<Key name="d" control="1" action="bookmarks.edit"/>
		<Key name="f" control="1" action="connections.open"/>
		<Key name="f" shift="1" control="1" action="connections.close"/>
		<Key name="f" super="1" action="edit.search"/>
		<Key name="m" control="1" action="file.advrename"/>
		<Key name="n" control="1" action="connections.new"/>
		<Key name="o" control="1" action="options.edit"/>
		<Key name="q" control="1" action="file.exit"/>
		<Key name="r" control="1" action="view.refresh"/>
		<Key name="t" control="1" action="view.new_tab"/>
		<Key name="w" control="1" action="view.close_tab"/>
		<Key name="w" shift="1" control="1" action="view.close_all_tabs"/>
		<Key name="asciitilde" shift="1" control="1" action="view.home"/>
		<Key name="left" control="1" action="view.in_left_pane"/>
		<Key name="up" control="1" action="view.in_new_tab"/>
		<Key name="up" shift="1" control="1" action="view.in_inactive_tab"/>
		<Key name="right" control="1" action="view.in_right_pane"/>
		<Key name="down" alt="1" action="view.dir_history"/>
		<Key name="page.up" control="1" action="view.up"/>
		<Key name="next" control="1" action="view.directory"/>
		<Key name="kp.left" control="1" action="view.in_left_pane"/>
		<Key name="kp.up" control="1" action="view.in_new_tab"/>
		<Key name="kp.up" shift="1" control="1" action="view.in_inactive_tab"/>
		<Key name="kp.right" control="1" action="view.in_right_pane"/>
		<Key name="kp.down" alt="1" action="view.dir_history"/>
		<Key name="kp.page.up" control="1" action="view.up"/>
		<Key name="kp.next" control="1" action="view.directory"/>
		<Key name="kp.begin" control="1" action="plugins.execute_python" options="md5sum"/>
		<Key name="kp.add" control="1" action="mark.select_all"/>
		<Key name="kp.subtract" control="1" action="mark.unselect_all"/>
		<Key name="kp.5" control="1" action="plugins.execute_python" options="md5sum"/>
		<Key name="f2" shift="1" action="mark.compare_directories"/>
		<Key name="f3" shift="1" action="file.internal_view"/>
		<Key name="f3" alt="1" action="file.external_view"/>
		<Key name="f4" shift="1" action="file.edit_new_doc"/>
		<Key name="f5" shift="1" action="file.copy_as"/>
		<Key name="f5" shift="1" control="1" action="file.create_symlink"/>
		<Key name="f7" alt="1" action="edit.search"/>
		<Key name="f12" control="1" action="edit.filter"/>
	</KeyBindings>
</GnomeCommander>