<?xml version="1.0"?>
<gconf>
	<entry name="NumReports" mtime="1465682801" type="int" value="0"/>
	<entry name="WeekStartOffset" mtime="1465682801" type="int" value="0"/>
	<entry name="DayStartOffset" mtime="1465682801" type="int" value="0"/>
	<entry name="NumProjects" mtime="1465682801" type="int" value="-1"/>
	<entry name="CurrProject" mtime="1465682801" type="int" value="-1"/>
	<entry name="TimerRunning" mtime="1465682801" type="int" value="0"/>
	<entry name="AutosavePeriod" mtime="1465682801" type="int" value="60"/>
	<entry name="NoProjectTimeout" mtime="1465682801" type="int" value="0"/>
	<entry name="IdleTimeout" mtime="1465682801" type="int" value="-1"/>
	<entry name="LastTimer" mtime="1465682801" type="string">
		<stringvalue>1465682801</stringvalue>
	</entry>
</gconf>
