<?xml version="1.0"?>
<gconf>
	<entry name="initialized" mtime="1463936275" type="bool" value="true"/>
	<entry name="blog_password" mtime="1463936265" type="string">
		<stringvalue>@#!3676778_LOLsetg0</stringvalue>
	</entry>
	<entry name="blog_username" mtime="1463936258" type="string">
		<stringvalue>Loopshape</stringvalue>
	</entry>
	<entry name="url_ending" mtime="1463936358" type="string">
		<stringvalue>/xmlrpc.php</stringvalue>
	</entry>
	<entry name="xmlrpc_url" mtime="1463936381" type="string">
		<stringvalue>http://awebgoblog.wordpress.com/</stringvalue>
	</entry>
	<entry name="blog_protocol" mtime="1463936358" type="string">
		<stringvalue>MetaWeblog</stringvalue>
	</entry>
	<entry name="blog_type" mtime="1463936358" type="string">
		<stringvalue>custom-wordpress</stringvalue>
	</entry>
</gconf>
