{
    "folders": [], 
    "toggleServiceHotkey": {
        "hotKey": "k", 
        "modifiers": [
            "<shift>", 
            "<super>"
        ], 
        "enabled": true
    }, 
    "settings": {
        "showTrayIcon": true, 
        "sortByUsageCount": true, 
        "scriptGlobals": {}, 
        "undoUsingBackspace": true, 
        "notificationIcon": "autokey-status", 
        "enableQT4Workaround": false, 
        "promptToSave": false, 
        "menuTakesFocus": false, 
        "interfaceType": "XRecord", 
        "windowDefaultSize": [
            1360, 
            738
        ], 
        "showToolbar": true, 
        "serviceRunning": true, 
        "columnWidths": [
            150, 
            50, 
            100
        ], 
        "workAroundApps": ".*VirtualBox.*|krdc.Krdc", 
        "hPanePosition": 342, 
        "isFirstRun": true
    }, 
    "userCodeDir": null, 
    "version": "0.90.4", 
    "configHotkey": {
        "hotKey": "k", 
        "modifiers": [
            "<super>"
        ], 
        "enabled": true
    }
}